Occ2010,2010 census
10,10
20,20
30,30
30,40
30,50
30,60
100,100
110,110
120,120
130,135
130,136
130,137
140,140
150,150
160,160
205,205
220,220
230,230
300,300
310,310
320,325
330,330
310,340
350,350
360,360
410,410
420,420
430,430
430,400
430,425
500,500
510,510
520,520
530,530
540,540
560,565
600,600
620,630
620,640
620,650
700,700
710,710
720,725
730,735
730,740
800,800
810,810
820,820
830,830
840,840
850,850
860,860
900,900
910,910
930,930
940,940
950,950
1000,1005
1000,1006
1000,1007
1010,1010
1020,1020
1020,1030
1050,1050
1060,1060
1100,1105
1100,1106
1100,1107
1200,1200
1220,1220
1230,1230
1240,1240
1240,1210
1300,1300
1310,1310
1320,1320
1350,1350
1360,1360
1400,1400
1410,1410
1420,1420
1430,1430
1440,1440
1450,1450
1460,1460
1520,1520
1520,1500
1530,1530
1530,1330
1530,1340
1530,1510
1540,1540
1550,1550
1560,1560
1600,1600
1610,1610
1640,1640
1650,1650
1650,1660
1700,1700
1710,1710
1720,1720
1740,1740
1760,1760
1800,1800
1800,1815
1820,1820
1830,1840
1840,1860
1840,1830
1900,1900
1910,1910
1920,1920
1930,1930
1930,1940
1960,1950
1960,1965
2000,2000
2010,2010
2020,2015
2020,2016
2020,2025
2040,2040
2050,2050
2060,2060
2100,2100
2100,2105
2100,2110
2140,2145
2150,2160
2200,2200
2300,2300
2310,2310
2320,2320
2330,2330
2340,2340
2400,2400
2430,2430
2440,2440
2540,2540
2550,2550
2600,2600
2630,2630
2700,2700
2700,2710
2720,2720
2740,2740
2750,2750
2760,2760
2800,2800
2810,2810
2810,2830
2825,2825
2840,2840
2850,2850
2860,2860
2900,2900
2900,2960
2910,2910
2920,2920
3000,3000
3010,3010
3030,3030
3040,3040
3050,3050
3060,3060
3110,3110
3120,3120
3130,3255
3130,3256
3130,3257
3140,3140
3150,3150
3160,3160
3200,3200
3210,3210
3220,3220
3230,3230
3240,3235
3240,3245
3250,3250
3260,3260
3260,3258
3300,3300
3310,3310
3320,3320
3400,3400
3410,3420
3500,3500
3510,3510
3520,3520
3530,3535
3540,3540
3600,3600
3610,3610
3620,3620
3630,3630
3640,3640
3650,3645
3650,3646
3650,3647
3650,3648
3650,3649
3650,3655
3700,3700
3710,3710
3720,3720
3730,3730
3740,3740
3750,3750
3800,3800
3820,3820
3820,3850
3820,3860
3900,3900
3910,3910
3930,3930
3940,3940
3950,3945
3950,3955
3950,3830
3950,3840
4000,4000
4000,4020
4010,4010
4030,4030
4040,4040
4050,4050
4060,4060
4110,4110
4120,4120
4130,4130
4140,4140
4150,4150
4150,4160
4200,4200
4210,4210
4220,4220
4230,4230
4240,4240
4250,4250
4300,4300
4320,4320
4340,4340
4350,4350
4400,4400
4420,4420
4430,4430
4430,4410
4460,4460
4460,4465
4500,4500
4510,4510
4520,4520
4530,4530
4540,4540
4600,4600
4610,4610
4620,4620
4640,4640
4650,4650
4700,4700
4700,4710
4720,4720
4740,4740
4750,4750
4760,4760
4800,4800
4810,4810
4820,4820
4830,4830
4840,4840
4850,4850
4900,4900
4920,4920
4930,4930
4940,4940
4950,4950
4965,4965
5000,5000
5010,5010
5020,5020
5030,5030
5100,5100
5110,5110
5120,5120
5130,5130
5140,5140
5150,5150
5160,5160
5165,5165
5200,5200
5220,5220
5230,5230
5240,5240
5250,5250
5260,5260
5300,5300
5310,5310
5320,5320
5330,5330
5340,5340
5350,5350
5350,5210
5360,5360
5400,5400
5410,5410
5420,5420
5500,5500
5510,5510
5520,5520
5530,5530
5540,5540
5550,5550
5560,5560
5600,5600
5610,5610
5620,5620
5630,5630
5700,5700
5800,5800
5810,5810
5820,5820
5840,5840
5850,5850
5860,5860
5900,5900
5910,5910
5920,5920
5940,5940
5940,5830
6005,6005
6010,6010
6040,6040
6050,6050
6050,6020
6100,6100
6100,6110
6120,6120
6130,6130
6200,6200
6210,6210
6220,6220
6230,6230
6240,6240
6250,6250
6260,6260
6300,6300
6320,6320
6320,6310
6330,6330
6355,6355
6360,6360
6400,6400
6420,6420
6430,6430
6440,6440
6460,6460
6500,6500
6515,6515
6520,6520
6530,6530
6600,6600
6660,6660
6700,6700
6710,6710
6720,6720
6730,6730
6740,6740
6765,6750
6765,6540
6765,6765
6800,6800
6800,6920
6820,6820
6830,6830
6840,6840
6940,6910
6940,6930
6940,6940
7000,7000
7010,7010
7020,7020
7030,7030
7040,7040
7100,7100
7100,7050
7110,7110
7120,7120
7130,7130
7140,7140
7150,7150
7160,7160
7200,7200
7210,7210
7220,7220
7240,7240
7260,7260
7300,7300
7315,7315
7320,7320
7330,7330
7340,7340
7350,7350
7360,7360
7410,7410
7420,7420
7430,7430
7510,7510
7540,7540
7550,7550
7560,7560
7610,7610
7630,7630
7630,7440
7630,7520
7630,7600
7700,7700
7710,7710
7720,7720
7730,7730
7740,7740
7750,7750
7800,7800
7810,7810
7830,7830
7840,7840
7850,7850
7855,7855
7900,7900
7920,7920
7930,7930
7940,7940
7950,7950
7960,7960
8000,8000
8010,8010
8030,8030
8040,8040
8060,8060
8100,8100
8130,8130
8140,8140
8150,8150
8200,8200
8210,8210
8220,8220
8220,8020
8220,8120
8220,8160
8230,8255
8230,8256
8250,8250
8300,8300
8310,8310
8320,8320
8330,8330
8340,8340
8350,8350
8400,8360
8400,8400
8410,8410
8420,8420
8460,8430
8460,8440
8460,8460
8450,8450
8500,8500
8510,8510
8530,8530
8540,8540
8550,8550
8550,8520
8600,8600
8610,8610
8620,8620
8630,8630
8640,8640
8650,8650
8710,8710
8720,8720
8730,8730
8740,8740
8750,8750
8760,8760
8800,8800
8810,8810
8830,8830
8850,8850
8860,8860
8910,8910
8920,8920
8930,8930
8940,8940
8950,8950
8965,8965
8965,8840
8965,8900
9000,9000
9030,9030
9040,9040
9050,9050
9100,9110
9100,9120
9130,9130
9140,9140
9150,9150
9200,9200
9230,9230
9240,9240
9260,9260
9300,9300
9300,9330
9310,9310
9310,9340
9350,9350
9360,9360
9410,9410
9420,9415
9420,9420
9510,9510
9520,9520
9560,9560
9560,9500
9600,9600
9610,9610
9620,9620
9630,9630
9640,9640
9650,9650
9720,9720
9750,9730
9750,9740
9750,9750
9800,9800
9810,9810
9820,9820
9830,9830
9920,9920
9999,